-- Insert seed data into Users table
INSERT INTO Users (UserID, FirstName, LastName, Role, DOB, Address, Email, PhoneNumber) VALUES
(1, 'John', 'Doe', 'Customer', '1980-01-15', '123 Main St, Anytown, USA', 'john.doe@example.com', '555-1234'),
(2, 'Jane', 'Smith', 'Customer', '1985-02-20', '456 Elm St, Othertown, USA', 'jane.smith@example.com', '555-5678'),
(3, 'Alice', 'Johnson', 'Customer', '1990-03-25', '789 Oak St, Thistown, USA', 'alice.johnson@example.com', '555-9012'),
(4, 'Bob', 'Brown', 'Customer', '1975-04-30', '101 Pine St, Thatown, USA', 'bob.brown@example.com', '555-3456'),
(5, 'Charlie', 'Davis', 'Customer', '1988-05-15', '202 Birch St, Anycity, USA', 'charlie.davis@example.com', '555-7890'),
(6, 'David', 'Evans', 'Customer', '1992-06-20', '303 Cedar St, Othercity, USA', 'david.evans@example.com', '555-1235'),
(7, 'Eve', 'Wilson', 'Customer', '1995-07-25', '404 Spruce St, Thiscity, USA', 'eve.wilson@example.com', '555-5679'),
(8, 'Frank', 'Garcia', 'Customer', '1982-08-30', '505 Maple St, Thatcity, USA', 'frank.garcia@example.com', '555-9013'),
(9, 'Grace', 'Martinez', 'Customer', '1993-09-15', '606 Willow St, Anyville, USA', 'grace.martinez@example.com', '555-3457'),
(10, 'Hank', 'Rodriguez', 'Customer', '1987-10-20', '707 Ash St, Otherville, USA', 'hank.rodriguez@example.com', '555-7891'),
(11, 'Ivy', 'Lewis', 'Customer', '1991-11-25', '808 Poplar St, Thisville, USA', 'ivy.lewis@example.com', '555-1236'),
(12, 'Jack', 'Walker', 'Customer', '1979-12-30', '909 Fir St, Thatville, USA', 'jack.walker@example.com', '555-5670'),
(13, 'Kathy', 'Young', 'Customer', '1986-01-05', '1010 Cypress St, Anycity, USA', 'kathy.young@example.com', '555-9014'),
(14, 'Liam', 'King', 'Customer', '1983-02-10', '1111 Redwood St, Othercity, USA', 'liam.king@example.com', '555-3458'),
(15, 'Mia', 'Wright', 'Customer', '1994-03-15', '1212 Sequoia St, Thiscity, USA', 'mia.wright@example.com', '555-7892'),
(16, 'Noah', 'Lopez', 'Customer', '1996-04-20', '1313 Cedar St, Thatcity, USA', 'noah.lopez@example.com', '555-1237'),
(17, 'Olivia', 'Hill', 'Customer', '1989-05-25', '1414 Pine St, Anyville, USA', 'olivia.hill@example.com', '555-5671'),
(18, 'Paul', 'Scott', 'Customer', '1978-06-30', '1515 Elm St, Otherville, USA', 'paul.scott@example.com', '555-9015'),
(19, 'Quinn', 'Adams', 'Customer', '1984-07-05', '1616 Oak St, Thisville, USA', 'quinn.adams@example.com', '555-3459'),
(20, 'Rose', 'Baker', 'Customer', '1997-08-10', '1717 Maple St, Thatville, USA', 'rose.baker@example.com', '555-7893');

-- Insert seed data into Accounts table
INSERT INTO Accounts (AccountNumber, UserID, Balance) VALUES
(1001, 1, 5000),
(1002, 2, 3000),
(1003, 3, 7000),
(1004, 4, 2000),
(1005, 5, 4000),
(1006, 6, 10000),
(1007, 7, 6000),
(1008, 8, 1500),
(1009, 9, 3500),
(1010, 10, 8000),
(1011, 11, 2500),
(1012, 12, 9000),
(1013, 13, 4500),
(1014, 14, 7500),
(1015, 15, 5500),
(1016, 16, 2000),
(1017, 17, 3000),
(1018, 18, 4000),
(1019, 19, 5000),
(1020, 20, 6000);

-- Insert seed data into Loans table
INSERT INTO Loans (LoanID, UserID, AccountNumber, LoanType, Amount, InterestRate, Duration) VALUES
(1, 1, 1001, 'Home', 200000, 03.50, 30),
(2, 2, 1002, 'Car', 20000, 05.00, 5),
(3, 3, 1003, 'Personal', 10000, 07.00, 3),
(4, 4, 1004, 'Education', 50000, 04.50, 10),
(5, 5, 1005, 'Home', 250000, 03.50, 30),
(6, 6, 1006, 'Car', 25000, 05.00, 5),
(7, 7, 1007, 'Personal', 15000, 07.00, 3),
(8, 8, 1008, 'Education', 60000, 04.50, 10),
(9, 9, 1009, 'Home', 300000, 03.50, 30),
(10, 10, 1010, 'Car', 30000, 05.00, 5),
(11, 11, 1011, 'Personal', 20000, 07.00, 3),
(12, 12, 1012, 'Education', 70000, 04.50, 10),
(13, 13, 1013, 'Home', 350000, 03.50, 30),
(14, 14, 1014, 'Car', 35000, 05.00, 5),
(15, 15, 1015, 'Personal', 25000, 07.00, 3),
(16, 16, 1016, 'Education', 80000, 04.50, 10),
(17, 17, 1017, 'Home', 400000, 03.50, 30),
(18, 18, 1018, 'Car', 40000, 05.00, 5),
(19, 19, 1019, 'Personal', 30000, 07.00, 3),
(20, 20, 1020, 'Education', 90000, 04.50, 10);

-- Insert seed data into Transactions table
INSERT INTO Transactions (TransactionID, AccountNumber, TransactionType, Amount, TransactionDate) VALUES
(1, 1001, 'Deposit', 1000, '2024-01-01'),
(2, 1002, 'Withdrawal', 500, '2024-01-02'),
(3, 1003, 'Deposit', 2000, '2024-01-03'),
(4, 1004, 'Withdrawal', 1000, '2024-01-04'),
(5, 1005, 'Deposit', 1500, '2024-01-05'),
(6, 1006, 'Withdrawal', 2000, '2024-01-06'),
(7, 1007, 'Deposit', 2500, '2024-01-07'),
(8, 1008, 'Withdrawal', 1500, '2024-01-08'),
(9, 1009, 'Deposit', 3000, '2024-01-09'),
(10, 1010, 'Withdrawal', 2000, '2024-01-10'),
(11, 1011, 'Deposit', 3500, '2024-01-11'),
(12, 1012, 'Withdrawal', 2500, '2024-01-12'),
(13, 1013, 'Deposit', 4000, '2024-01-13'),
(14, 1014, 'Withdrawal', 3000, '2024-01-14'),
(15, 1015, 'Deposit', 4500, '2024-01-15'),
(16, 1016, 'Withdrawal', 3500, '2024-01-16'),
(17, 1017, 'Deposit', 5000, '2024-01-17'),
(18, 1018, 'Withdrawal', 4000, '2024-01-18'),
(19, 1019, 'Deposit', 5500, '2024-01-19'),
(20, 1020, 'Withdrawal', 4500, '2024-01-20');

-- Insert seed data into LoginCredentials table
INSERT INTO LoginCredentials (LoginID, UserID, Password, Role) VALUES
('johndoe', 1, 'password1', 'Customer'),
('janesmith', 2, 'password2', 'Customer'),
('alicejohnson', 3, 'password3', 'Customer'),
('bobbrown', 4, 'password4', 'Customer'),
('charliedavis', 5, 'password5', 'Customer'),
('davidevans', 6, 'password6', 'Customer'),
('evewilson', 7, 'password7', 'Customer'),
('frankgarcia', 8, 'password8', 'Customer'),
('gracemartinez', 9, 'password9', 'Customer'),
('hankrodriguez', 10, 'password10', 'Customer'),
('ivylewis', 11, 'password11', 'Customer'),
('jackwalker', 12, 'password12', 'Customer'),
('kathyyoung', 13, 'password13', 'Customer'),
('liamking', 14, 'password14', 'Customer'),
('miawright', 15, 'password15', 'Customer'),
('noahlopez', 16, 'password16', 'Customer'),
('oliviahill', 17, 'password17', 'Customer'),
('paulscott', 18, 'password18', 'Customer'),
('quinnadams', 19, 'password19', 'Customer'),
('rosebaker', 20, 'password20', 'Customer');
